[
  {
    "type": "location", 
    "question": 1, 
    "attributes": {
      "slug": "location", 
      "short_title": "Where are you located", 
      "long_title": "<p>Where are you located?<br />(Please enter a city or postal code)</p>"
    }
  }, 
  {
    "type": "range", 
    "question": 2, 
    "attributes": {
      "slug": "years-professional", 
      "short_title": "How many years have you been practicing design professionally? ", 
      "long_title": "<p>How many years have you been practicing design professionally?\u00a0</p>", 
      "min": 0, 
      "max": 100, 
      "units_title": "YEARS", 
      "enable_plus": true
    }
  }, 
  {
    "type": "choice", 
    "question": 3, 
    "attributes": {
      "slug": "organization-type", 
      "short_title": "What type of organization do you work for?", 
      "long_title": "<p><span id=\"docs-internal-guid-01d9b1a0-95dc-8f5a-ac21-5170e0472656\"><span>What type of organization do you work for?</span></span></p>", 
      "question_choice_options": [
        {
          "title": "Agency (employee at large organization, 11+)", 
          "allow_text": false
        }, 
        {
          "title": "Collective (collaborative group of independents)", 
          "allow_text": false
        }, 
        {
          "title": "College/University", 
          "allow_text": false
        }, 
        {
          "title": "Freelance / Self-employed (free agent)", 
          "allow_text": false
        }, 
        {
          "title": "In-house (employee at a brand/company)", 
          "allow_text": false
        }, 
        {
          "title": "In-house (at NGO, non-profit, or government)", 
          "allow_text": false
        }, 
        {
          "title": "Partnership (shared ownership)", 
          "allow_text": false
        }, 
        {
          "title": "Software Company", 
          "allow_text": false
        }, 
        {
          "title": "Startup", 
          "allow_text": false
        }, 
        {
          "title": "Studio (employee at small organization, 3\u201310)", 
          "allow_text": false
        }, 
        {
          "title": "Unemployed", 
          "allow_text": false
        }
      ], 
      "allow_multiple": false, 
      "enable_autocomplete": false
    }
  }, 
  {
    "type": "choice", 
    "question": 4, 
    "attributes": {
      "slug": "organization-industry", 
      "short_title": "What industry do you identify with most closely?", 
      "long_title": "<p><span id=\"docs-internal-guid-01d9b1a0-95e6-4bdf-7549-b67286626203\"><span>What industry do you identify with most closely?</span></span></p>", 
      "question_choice_options": [
        {
          "title": "Advertising / marketing", 
          "allow_text": false
        }, 
        {
          "title": "Architecture", 
          "allow_text": false
        }, 
        {
          "title": "Brand Strategy", 
          "allow_text": false
        }, 
        {
          "title": "Content Strategy", 
          "allow_text": false
        }, 
        {
          "title": "Design, digital", 
          "allow_text": false
        }, 
        {
          "title": "Design, print", 
          "allow_text": false
        }, 
        {
          "title": "Design, digital and print", 
          "allow_text": false
        }, 
        {
          "title": "Design, interior", 
          "allow_text": false
        }, 
        {
          "title": "Design, product/industrial", 
          "allow_text": false
        }, 
        {
          "title": "Design, interactive", 
          "allow_text": false
        }, 
        {
          "title": "Design, environmental graphics", 
          "allow_text": false
        }, 
        {
          "title": "Design Education", 
          "allow_text": false
        }, 
        {
          "title": "Non-profit", 
          "allow_text": false
        }, 
        {
          "title": "PR", 
          "allow_text": false
        }, 
        {
          "title": "Product Management", 
          "allow_text": false
        }, 
        {
          "title": "Publishing", 
          "allow_text": false
        }, 
        {
          "title": "Technology", 
          "allow_text": false
        }, 
        {
          "title": "Other", 
          "allow_text": true
        }
      ], 
      "allow_multiple": false, 
      "enable_autocomplete": false
    }
  }, 
  {
    "type": "range", 
    "question": 5, 
    "attributes": {
      "slug": "organization-size", 
      "short_title": "How many employees work at your organization?", 
      "long_title": "<p><span id=\"docs-internal-guid-01d9b1a0-95e7-8912-6529-73b55101840a\"><span>How many employees work at your organization?</span></span></p>", 
      "min": 0, 
      "max": 1000, 
      "units_title": "EMPLOYEES", 
      "enable_plus": true
    }
  }, 
  {
    "type": "range", 
    "question": 6, 
    "attributes": {
      "slug": "team-member-count", 
      "short_title": "How many people are on your direct team?", 
      "long_title": "<p><span id=\"docs-internal-guid-395c8283-9614-4797-d218-27f67e63fed0\"><span>How many people are on your direct team?</span></span></p>", 
      "min": 0, 
      "max": 500, 
      "units_title": "PEOPLE", 
      "enable_plus": true
    }
  }, 
  {
    "type": "range", 
    "question": 7, 
    "attributes": {
      "slug": "num-you-manage", 
      "short_title": "How many people do you manage?", 
      "long_title": "<p><span id=\"docs-internal-guid-395c8283-9614-7af3-6c7e-6ec318254304\"><span id=\"docs-internal-guid-395c8283-9614-7af3-6c7e-6ec318254304\">How many people do you manage?</span></span></p>", 
      "min": 0, 
      "max": 500, 
      "units_title": "", 
      "enable_plus": true
    }
  }, 
  {
    "type": "choice", 
    "question": 8, 
    "attributes": {
      "slug": "organization-position", 
      "short_title": "What is your current title?", 
      "long_title": "<p><span id=\"docs-internal-guid-01d9b1a0-95e8-de43-d1c1-7d94e1382d7b\"><span>What is your current title?</span></span></p>", 
      "question_choice_options": [
        {
          "title": "Account Manager", 
          "allow_text": false
        }, 
        {
          "title": "Account Services Director", 
          "allow_text": false
        }, 
        {
          "title": "Architect", 
          "allow_text": false
        }, 
        {
          "title": "Art Director", 
          "allow_text": false
        }, 
        {
          "title": "Chief Design Officer", 
          "allow_text": false
        }, 
        {
          "title": "Creative Director, agency", 
          "allow_text": false
        }, 
        {
          "title": "Creative Director, in-house", 
          "allow_text": false
        }, 
        {
          "title": "Consultant", 
          "allow_text": false
        }, 
        {
          "title": "Dean", 
          "allow_text": false
        }, 
        {
          "title": "Design Director, agency", 
          "allow_text": false
        }, 
        {
          "title": "Design Director, in-house", 
          "allow_text": false
        }, 
        {
          "title": "Design Manager", 
          "allow_text": false
        }, 
        {
          "title": "Designer, interior", 
          "allow_text": false
        }, 
        {
          "title": "Designer, digital", 
          "allow_text": false
        }, 
        {
          "title": "Designer, print", 
          "allow_text": false
        }, 
        {
          "title": "Designer, digital and print ", 
          "allow_text": false
        }, 
        {
          "title": "Developer, back end", 
          "allow_text": false
        }, 
        {
          "title": "Developer, front end", 
          "allow_text": false
        }, 
        {
          "title": "Developer, mobile app ", 
          "allow_text": false
        }, 
        {
          "title": "Director of Production ", 
          "allow_text": false
        }, 
        {
          "title": "Educator", 
          "allow_text": false
        }, 
        {
          "title": "Engineer", 
          "allow_text": false
        }, 
        {
          "title": "Executive Creative Director", 
          "allow_text": false
        }, 
        {
          "title": "Executive Producer", 
          "allow_text": false
        }, 
        {
          "title": "Freelancer, independent", 
          "allow_text": false
        }, 
        {
          "title": "Faculty", 
          "allow_text": false
        }, 
        {
          "title": "Freelancer, staffing agency", 
          "allow_text": false
        }, 
        {
          "title": "Graphic Designer", 
          "allow_text": false
        }, 
        {
          "title": "Information Architect", 
          "allow_text": false
        }, 
        {
          "title": "Junior Designer, digital", 
          "allow_text": false
        }, 
        {
          "title": "Junior Designer, print", 
          "allow_text": false
        }, 
        {
          "title": "Junior Designer, digital and print", 
          "allow_text": false
        }, 
        {
          "title": "Marketing Director", 
          "allow_text": false
        }, 
        {
          "title": "Motion Designer/Animator", 
          "allow_text": false
        }, 
        {
          "title": "Motion/Video Editor", 
          "allow_text": false
        }, 
        {
          "title": "New Business Manager", 
          "allow_text": false
        }, 
        {
          "title": "Operations Director", 
          "allow_text": false
        }, 
        {
          "title": "Owner, Partner, or Principal", 
          "allow_text": false
        }, 
        {
          "title": "Producer, digital", 
          "allow_text": false
        }, 
        {
          "title": "Producer, print", 
          "allow_text": false
        }, 
        {
          "title": "Producer, digital and print", 
          "allow_text": false
        }, 
        {
          "title": "Product Designer", 
          "allow_text": false
        }, 
        {
          "title": "Production Manager", 
          "allow_text": false
        }, 
        {
          "title": "Project Manager, print", 
          "allow_text": false
        }, 
        {
          "title": "Project Manager, digital", 
          "allow_text": false
        }, 
        {
          "title": "Project Manager, digital and print", 
          "allow_text": false
        }, 
        {
          "title": "Researcher", 
          "allow_text": false
        }, 
        {
          "title": "Self-employed (no employees)", 
          "allow_text": false
        }, 
        {
          "title": "Senior Designer, digital", 
          "allow_text": false
        }, 
        {
          "title": "Senior Designer, print", 
          "allow_text": false
        }, 
        {
          "title": "Senior Designer, digital and print", 
          "allow_text": false
        }, 
        {
          "title": "Social Media Manager", 
          "allow_text": false
        }, 
        {
          "title": "Strategist, content", 
          "allow_text": false
        }, 
        {
          "title": "Strategist, design", 
          "allow_text": false
        }, 
        {
          "title": "Strategy Director", 
          "allow_text": false
        }, 
        {
          "title": "Type Designer", 
          "allow_text": false
        }, 
        {
          "title": "Usability Analyst", 
          "allow_text": false
        }, 
        {
          "title": "User Experience (UX) Designer", 
          "allow_text": false
        }, 
        {
          "title": "Writer / Copywriter", 
          "allow_text": false
        }, 
        {
          "title": "Other", 
          "allow_text": true
        }
      ], 
      "allow_multiple": false, 
      "enable_autocomplete": false
    }
  }, 
  {
    "type": "choice", 
    "question": 9, 
    "attributes": {
      "slug": "seniority", 
      "short_title": "What is your level of seniority?", 
      "long_title": "<p><span id=\"docs-internal-guid-af024cb0-6405-b56c-62bb-ac0fbd2e3e5c\"><span>What is your level of seniority?</span></span></p>", 
      "question_choice_options": [
        {
          "title": "Junior", 
          "allow_text": false
        }, 
        {
          "title": "Mid-level", 
          "allow_text": false
        }, 
        {
          "title": "Senior", 
          "allow_text": false
        }, 
        {
          "title": "Leadership", 
          "allow_text": false
        }
      ], 
      "allow_multiple": false, 
      "enable_autocomplete": false
    }
  }, 
  {
    "type": "choice", 
    "question": 10, 
    "attributes": {
      "slug": "design-categories", 
      "short_title": "What design categories are you currently involved with?", 
      "long_title": "<p><span id=\"docs-internal-guid-01d9b1a0-95ed-9a30-e834-cae956feda8d\"><span>What design categories are you currently involved with?<br />(select all that apply)</span></span></p>", 
      "question_choice_options": [
        {
          "title": "Advertising/marketing ", 
          "allow_text": false
        }, 
        {
          "title": "Annual reports and corporate collateral", 
          "allow_text": false
        }, 
        {
          "title": "Apps, desktop", 
          "allow_text": false
        }, 
        {
          "title": "Apps, mobile", 
          "allow_text": false
        }, 
        {
          "title": "Apps, tablet", 
          "allow_text": false
        }, 
        {
          "title": "Apps, web", 
          "allow_text": false
        }, 
        {
          "title": "Book design", 
          "allow_text": false
        }, 
        {
          "title": "Communications strategy", 
          "allow_text": false
        }, 
        {
          "title": "Broadcast/video", 
          "allow_text": false
        }, 
        {
          "title": "Copywriting/technical writing", 
          "allow_text": false
        }, 
        {
          "title": "Corporate identity", 
          "allow_text": false
        }, 
        {
          "title": "Development", 
          "allow_text": false
        }, 
        {
          "title": "Digital", 
          "allow_text": false
        }, 
        {
          "title": "Direct mail", 
          "allow_text": false
        }, 
        {
          "title": "Education", 
          "allow_text": false
        }, 
        {
          "title": "Environmental graphics", 
          "allow_text": false
        }, 
        {
          "title": "Exhibitions/events", 
          "allow_text": false
        }, 
        {
          "title": "Graphic design", 
          "allow_text": false
        }, 
        {
          "title": "Illustration", 
          "allow_text": false
        }, 
        {
          "title": "Industrial design", 
          "allow_text": false
        }, 
        {
          "title": "Information architecture", 
          "allow_text": false
        }, 
        {
          "title": "Interaction Design", 
          "allow_text": false
        }, 
        {
          "title": "Motion design", 
          "allow_text": false
        }, 
        {
          "title": "Multimedia", 
          "allow_text": false
        }, 
        {
          "title": "Packaging", 
          "allow_text": false
        }, 
        {
          "title": "Photography", 
          "allow_text": false
        }, 
        {
          "title": "Presentations", 
          "allow_text": false
        }, 
        {
          "title": "Pro bono", 
          "allow_text": false
        }, 
        {
          "title": "Publication design", 
          "allow_text": false
        }, 
        {
          "title": "Research", 
          "allow_text": false
        }, 
        {
          "title": "Service design", 
          "allow_text": false
        }, 
        {
          "title": "Type/font design", 
          "allow_text": false
        }, 
        {
          "title": "User experience", 
          "allow_text": false
        }, 
        {
          "title": "User interface", 
          "allow_text": false
        }, 
        {
          "title": "Other", 
          "allow_text": true
        }, 
        {
          "title": "Not currently working in design", 
          "allow_text": false
        }
      ], 
      "allow_multiple": true, 
      "enable_autocomplete": false
    }
  }, 
  {
    "type": "composite", 
    "question": 11, 
    "attributes": {
      "slug": "years-at-organization-composite", 
      "short_title": "How many years have you been with your current organization?", 
      "long_title": "<p><span id=\"docs-internal-guid-01d9b1a0-95f0-29d6-d227-f887cfb33a93\"><span>How many years have you been with your current organization?</span></span></p>"
    }
  }, 
  {
    "type": "range", 
    "question": 11.1, 
    "attributes": {
      "slug": "years-at-organization", 
      "short_title": "How many years have you been with your current organization?", 
      "long_title": "<p>How many years have you been with your current organization?</p>", 
      "min": 0, 
      "max": 50, 
      "units_title": "YEARS", 
      "enable_plus": true
    }
  }, 
  {
    "type": "feedback", 
    "question": 11.2, 
    "attributes": {
      "slug": "years-at-organization-feedback", 
      "short_title": "How do you feel about that?", 
      "long_title": "<p><span id=\"docs-internal-guid-01d9b1a0-95f1-2b76-6305-d479a2e390ed\"><span>How do you feel about that?<br /><span>(select one)</span><br /></span></span></p>"
    }
  }, 
  {
    "type": "choice", 
    "question": 12, 
    "attributes": {
      "slug": "how-hired", 
      "short_title": "How were you hired for your current position?", 
      "long_title": "<p><span id=\"docs-internal-guid-01d9b1a0-95f4-7b5b-8efe-fd77d1f19969\"><span>How were you hired for your current position?</span></span></p>", 
      "question_choice_options": [
        {
          "title": "Friends", 
          "allow_text": false
        }, 
        {
          "title": "Job listing", 
          "allow_text": false
        }, 
        {
          "title": "Past coworker", 
          "allow_text": false
        }, 
        {
          "title": "Recruiter", 
          "allow_text": false
        }, 
        {
          "title": "Self-employed", 
          "allow_text": false
        }, 
        {
          "title": "Word-of-mouth", 
          "allow_text": false
        }, 
        {
          "title": "Other", 
          "allow_text": true
        }
      ], 
      "allow_multiple": false, 
      "enable_autocomplete": false
    }
  }, 
  {
    "type": "choice", 
    "question": 13, 
    "attributes": {
      "slug": "have-portfolio", 
      "short_title": "Do you have a portfolio?", 
      "long_title": "<p><span id=\"docs-internal-guid-01d9b1a0-95f6-06d3-3f3a-5b83bb35c81e\"><span>Do you have a portfolio?<br />(select all that apply)</span></span></p>", 
      "question_choice_options": [
        {
          "title": "PDF", 
          "allow_text": false
        }, 
        {
          "title": "Print", 
          "allow_text": false
        }, 
        {
          "title": "Website", 
          "allow_text": false
        }, 
        {
          "title": "WIP", 
          "allow_text": false
        }, 
        {
          "title": "Other", 
          "allow_text": true
        }, 
        {
          "title": "No", 
          "allow_text": false
        }
      ], 
      "allow_multiple": true, 
      "enable_autocomplete": false
    }
  }, 
  {
    "type": "range", 
    "question": 14, 
    "attributes": {
      "slug": "job-stability-concern", 
      "short_title": "How stable is your job?", 
      "long_title": "<p class=\"p1\"><span id=\"docs-internal-guid-01d9b1a0-95f7-175c-eede-bdd85b30b7f9\">How stable is your job?<br /></span>(with 10 being the highest)</p>", 
      "min": 0, 
      "max": 10, 
      "units_title": "", 
      "enable_plus": false
    }
  }, 
  {
    "type": "range", 
    "question": 15, 
    "attributes": {
      "slug": "have-career-path", 
      "short_title": "Do you have a visible career path and potential for advancement within your current organization?", 
      "long_title": "<p><span id=\"docs-internal-guid-01d9b1a0-95f7-93b0-df55-c2f5cd80b9a1\"><span id=\"docs-internal-guid-01d9b1a0-95f7-93b0-df55-c2f5cd80b9a1\">Do you have a visible career path and potential for advancement within your current organization?\u00a0<br />(with 10 being the highest)</span></span></p>", 
      "min": 0, 
      "max": 10, 
      "units_title": "", 
      "enable_plus": false
    }
  }, 
  {
    "type": "range", 
    "question": 16, 
    "attributes": {
      "slug": "does-your-organization-provide-opportunities-devel", 
      "short_title": "Does your organization provide opportunities to develop new skills?", 
      "long_title": "<p><span id=\"docs-internal-guid-01d9b1a0-95f7-e316-0c78-576f81521daa\"><span>Does your organization provide opportunities to develop new skills?<br />(with 10 being the highest)<br /></span></span></p>", 
      "min": 0, 
      "max": 10, 
      "units_title": "", 
      "enable_plus": false
    }
  }, 
  {
    "type": "range", 
    "question": 17, 
    "attributes": {
      "slug": "organization-work-impact", 
      "short_title": "Does your work have impact on your organization?", 
      "long_title": "<p><span id=\"docs-internal-guid-01d9b1a0-95f8-66a8-3684-3dbf14e55a38\"><span id=\"docs-internal-guid-01d9b1a0-95f8-66a8-3684-3dbf14e55a38\">Does your work have impact on your organization?<br />(with 10 being the highest)</span></span></p>", 
      "min": 0, 
      "max": 10, 
      "units_title": "", 
      "enable_plus": false
    }
  }, 
  {
    "type": "range", 
    "question": 18, 
    "attributes": {
      "slug": "organization-value", 
      "short_title": "Do you feel valued at your organization?", 
      "long_title": "<p><span id=\"docs-internal-guid-01d9b1a0-95f8-8dba-17fe-8be1763736f7\"><span>Do you feel valued at your organization?<br />(with 10 being the highest)</span></span></p>", 
      "min": 0, 
      "max": 10, 
      "units_title": "", 
      "enable_plus": false
    }
  }, 
  {
    "type": "yes_no", 
    "question": 19, 
    "attributes": {
      "slug": "job-searching", 
      "short_title": "Are you currently looking for a job?", 
      "long_title": "<p><span id=\"docs-internal-guid-01d9b1a0-95f9-07ad-8cac-2c84f07f08e8\"><span>Are you currently looking for a job?</span></span></p>"
    }
  }, 
  {
    "type": "composite", 
    "question": 20, 
    "attributes": {
      "slug": "salary-composite", 
      "short_title": "What is your annual salary?", 
      "long_title": "<p><span><span>What is your annual salary:<br />(If not fulltime, skip to below)</span></span></p>"
    }
  }, 
  {
    "type": "text", 
    "question": 20.1, 
    "attributes": {
      "slug": "annual-salary-input", 
      "short_title": "Annual Salary Input", 
      "long_title": "<p>What is your annual salary?<br />(numeric characters only)</p>", 
      "enable_large": false, 
      "is_numeric": true, 
      "allow_multiple": false, 
      "num_multiple": 0, 
      "units_title": "{local:currency}/YEAR", 
      "disable_opt_out": true
    }
  }, 
  {
    "type": "text", 
    "question": 20.2, 
    "attributes": {
      "slug": "hourly-rate-input", 
      "short_title": "What is your hourly rate?", 
      "long_title": "<p>What is your hourly rate?<br />(with 0 being not applicable)</p>", 
      "enable_large": false, 
      "is_numeric": true, 
      "allow_multiple": false, 
      "num_multiple": 0, 
      "units_title": "{local:currency}/HR", 
      "disable_opt_out": true
    }
  }, 
  {
    "type": "text", 
    "question": 21, 
    "attributes": {
      "slug": "total-compensation-input", 
      "short_title": "Total compensation", 
      "long_title": "<p>What is your annual total compensation, including benefits, bonuses, and other payment?<br />(numeric characters only)</p>", 
      "enable_large": false, 
      "is_numeric": true, 
      "allow_multiple": false, 
      "num_multiple": 0, 
      "units_title": "{local:currency}/YEAR", 
      "disable_opt_out": true
    }
  }, 
  {
    "type": "choice", 
    "question": 22, 
    "attributes": {
      "slug": "extra-sources-income", 
      "short_title": "Besides your fulltime job, do you have other sources of income?", 
      "long_title": "<p><span id=\"docs-internal-guid-01d9b1a0-95fc-a611-6c71-3dfdf53daf61\"><span id=\"docs-internal-guid-01d9b1a0-95fc-a611-6c71-3dfdf53daf61\">Besides your fulltime job, do you have other sources of income:<br />(select all that apply)</span></span></p>", 
      "question_choice_options": [
        {
          "title": "Freelance", 
          "allow_text": false
        }, 
        {
          "title": "Hobby", 
          "allow_text": false
        }, 
        {
          "title": "Part-time job", 
          "allow_text": false
        }, 
        {
          "title": "Teaching", 
          "allow_text": false
        }, 
        {
          "title": "Other", 
          "allow_text": true
        }, 
        {
          "title": "None", 
          "allow_text": false
        }
      ], 
      "allow_multiple": true, 
      "enable_autocomplete": false
    }
  }, 
  {
    "type": "choice", 
    "question": 23, 
    "attributes": {
      "slug": "benefits", 
      "short_title": "What benefits does your organization offer?", 
      "long_title": "<p><span id=\"docs-internal-guid-01d9b1a0-95ff-2e45-7ca3-d19944ed782d\"><span id=\"docs-internal-guid-01d9b1a0-95ff-2e45-7ca3-d19944ed782d\">What benefits does your organization offer?<br />(select all that apply)</span></span></p>", 
      "question_choice_options": [
        {
          "title": "Comp time", 
          "allow_text": false
        }, 
        {
          "title": "Paid sick leave", 
          "allow_text": false
        }, 
        {
          "title": "Paid parental leave", 
          "allow_text": false
        }, 
        {
          "title": "Paid personal time off", 
          "allow_text": false
        }, 
        {
          "title": "Paid vacation/holidays", 
          "allow_text": false
        }, 
        {
          "title": "Medical insurance or group plan - individual coverage", 
          "allow_text": false
        }, 
        {
          "title": "Medical insurance or group plan - dependent coverage", 
          "allow_text": false
        }, 
        {
          "title": "Medical savings account", 
          "allow_text": false
        }, 
        {
          "title": "Dental insurance or group plan", 
          "allow_text": false
        }, 
        {
          "title": "Life insurance", 
          "allow_text": false
        }, 
        {
          "title": "Long-term disability insurance", 
          "allow_text": false
        }, 
        {
          "title": "Short-term disability insurance", 
          "allow_text": false
        }, 
        {
          "title": "Defined benefit (pension) retirement plan", 
          "allow_text": false
        }, 
        {
          "title": "401(k) or other defined contribution retirement plan", 
          "allow_text": false
        }, 
        {
          "title": "Other retirement plan", 
          "allow_text": true
        }, 
        {
          "title": "Child or elder care", 
          "allow_text": false
        }, 
        {
          "title": "Employee assistance or wellness program", 
          "allow_text": false
        }, 
        {
          "title": "Profit sharing", 
          "allow_text": false
        }, 
        {
          "title": "Stock options", 
          "allow_text": false
        }, 
        {
          "title": "Professional association/society membership dues", 
          "allow_text": false
        }, 
        {
          "title": "Education funding/professional development assistance (includes conferences)", 
          "allow_text": false
        }, 
        {
          "title": "Mobile phone", 
          "allow_text": false
        }, 
        {
          "title": "Transportation / commuting benefit/allowance (mileage, parking, transit pass, etc.)", 
          "allow_text": false
        }, 
        {
          "title": "Fitness benefit (health club discount, in-house facility, etc.)", 
          "allow_text": false
        }, 
        {
          "title": "Meals / meal allowance", 
          "allow_text": false
        }, 
        {
          "title": "Other", 
          "allow_text": true
        }, 
        {
          "title": "None", 
          "allow_text": false
        }
      ], 
      "allow_multiple": true, 
      "enable_autocomplete": false
    }
  }, 
  {
    "type": "range", 
    "question": 24, 
    "attributes": {
      "slug": "compensation-satisfaction", 
      "short_title": "How satisfied are you with your compensation?", 
      "long_title": "<p><span id=\"docs-internal-guid-01d9b1a0-9602-b43e-3ce8-885fa974dbf4\"><span>How satisfied are you with your compensation?<br />(with 10 being the highest)</span></span></p>", 
      "min": 0, 
      "max": 10, 
      "units_title": "", 
      "enable_plus": false
    }
  }, 
  {
    "type": "yes_no", 
    "question": 25, 
    "attributes": {
      "slug": "hire-freelancers", 
      "short_title": "Do you hire freelancers?", 
      "long_title": "<p><span id=\"docs-internal-guid-395c8283-9614-dbfe-a14f-fd5fc6933ed2\"><span>Do you hire freelancers?</span></span></p>"
    }
  }, 
  {
    "type": "choice", 
    "question": 26, 
    "attributes": {
      "slug": "skills-to-develop", 
      "short_title": "What skills do you and your team want to learn or develop?", 
      "long_title": "<p><span><span>What skills do you and your team want to learn or develop?<br />(select all that apply)</span></span></p>", 
      "question_choice_options": [
        {
          "title": "Business", 
          "allow_text": false
        }, 
        {
          "title": "Coding", 
          "allow_text": false
        }, 
        {
          "title": "Leadership", 
          "allow_text": false
        }, 
        {
          "title": "Motion design", 
          "allow_text": false
        }, 
        {
          "title": "Strategy", 
          "allow_text": false
        }, 
        {
          "title": "Other", 
          "allow_text": true
        }
      ], 
      "allow_multiple": true, 
      "enable_autocomplete": false
    }
  }, 
  {
    "type": "choice", 
    "question": 27, 
    "attributes": {
      "slug": "daily-responsibilities", 
      "short_title": "Which responsibilities do you handle on a daily basis?", 
      "long_title": "<p><span id=\"docs-internal-guid-395c8283-9616-5dc6-3e32-bdbdb3f86cf7\"><span id=\"docs-internal-guid-395c8283-9616-5dc6-3e32-bdbdb3f86cf7\">Which responsibilities do you handle on a daily basis?</span></span><br /><span id=\"docs-internal-guid-395c8283-9616-5dc6-3e32-bdbdb3f86cf7\"><span id=\"docs-internal-guid-395c8283-9616-5dc6-3e32-bdbdb3f86cf7\">(select all that apply)</span></span></p>", 
      "question_choice_options": [
        {
          "title": "Make stuff", 
          "allow_text": false
        }, 
        {
          "title": "Send emails", 
          "allow_text": false
        }, 
        {
          "title": "Take notes", 
          "allow_text": false
        }, 
        {
          "title": "Daydream", 
          "allow_text": false
        }, 
        {
          "title": "Schedule meetings", 
          "allow_text": false
        }, 
        {
          "title": "Attend meetings", 
          "allow_text": false
        }, 
        {
          "title": "Present to clients", 
          "allow_text": false
        }, 
        {
          "title": "Coordinating", 
          "allow_text": false
        }, 
        {
          "title": "Organizing", 
          "allow_text": false
        }, 
        {
          "title": "Herding cats", 
          "allow_text": false
        }, 
        {
          "title": "Having fun", 
          "allow_text": false
        }, 
        {
          "title": "Other", 
          "allow_text": true
        }
      ], 
      "allow_multiple": true, 
      "enable_autocomplete": false
    }
  }, 
  {
    "type": "range", 
    "question": 28, 
    "attributes": {
      "slug": "percent-enjoyable", 
      "short_title": "What percentage of time do you spend making enjoyable things?", 
      "long_title": "<p><span id=\"docs-internal-guid-395c8283-9617-7bd2-045a-a7e4e2f26cd8\"><span>What percentage of time do you spend making enjoyable things?</span></span></p>", 
      "min": 0, 
      "max": 100, 
      "units_title": "%", 
      "enable_plus": false
    }
  }, 
  {
    "type": "range", 
    "question": 29, 
    "attributes": {
      "slug": "life-work-balance", 
      "short_title": "Are you able to balance work with your desired lifestyle?", 
      "long_title": "<p><span id=\"docs-internal-guid-395c8283-9617-e575-5bca-09f45199d034\"><span id=\"docs-internal-guid-395c8283-9617-e575-5bca-09f45199d034\">Are you able to balance work with your desired lifestyle?<br />(with 10 being the highest)</span></span></p>", 
      "min": 0, 
      "max": 10, 
      "units_title": "", 
      "enable_plus": false
    }
  }, 
  {
    "type": "composite", 
    "question": 30, 
    "attributes": {
      "slug": "weekly-hours-composite", 
      "short_title": "How many hours do you work each week?", 
      "long_title": "<p><span id=\"docs-internal-guid-395c8283-9618-49aa-e8af-2c707d02210e\"><span>How many hours do you work each week?</span></span></p>"
    }
  }, 
  {
    "type": "range", 
    "question": 30.1, 
    "attributes": {
      "slug": "weekly-hours", 
      "short_title": "How many hours do you work each week?", 
      "long_title": "<p><span id=\"docs-internal-guid-f35723ed-4494-19c0-a6a6-8b890e633361\"><span>How many hours do you work during a typical week? </span></span></p>", 
      "min": 0, 
      "max": 80, 
      "units_title": "HOURS", 
      "enable_plus": true
    }
  }, 
  {
    "type": "feedback", 
    "question": 30.2, 
    "attributes": {
      "slug": "weekly-hours-feedback", 
      "short_title": "How do you feel about that?", 
      "long_title": "<p><span id=\"docs-internal-guid-395c8283-9619-1a19-0f2c-d523bd85112a\"><span>How do you feel about that?<br /><span>(select one)</span><br /></span></span></p>"
    }
  }, 
  {
    "type": "range", 
    "question": 31, 
    "attributes": {
      "slug": "level-independence", 
      "short_title": "Do you have independence in choosing projects and directing your energy?", 
      "long_title": "<p><span id=\"docs-internal-guid-395c8283-9619-5486-f347-77493b28b383\"><span id=\"docs-internal-guid-395c8283-9619-5486-f347-77493b28b383\">Do you have independence in choosing projects and directing your energy?<br />(with 10 being the highest)</span></span></p>", 
      "min": 0, 
      "max": 10, 
      "units_title": "", 
      "enable_plus": false
    }
  }, 
  {
    "type": "choice", 
    "question": 32, 
    "attributes": {
      "slug": "rushed-often", 
      "short_title": "How often are projects rushed (crunch time)?", 
      "long_title": "<p><span id=\"docs-internal-guid-395c8283-9619-b5f9-a530-38598c2da129\"><span>How often are projects rushed (crunch time)?</span></span></p>", 
      "question_choice_options": [
        {
          "title": "Always", 
          "allow_text": false
        }, 
        {
          "title": "Often", 
          "allow_text": false
        }, 
        {
          "title": "Sometimes", 
          "allow_text": false
        }, 
        {
          "title": "Rarely", 
          "allow_text": false
        }, 
        {
          "title": "Never", 
          "allow_text": false
        }
      ], 
      "allow_multiple": false, 
      "enable_autocomplete": false
    }
  }, 
  {
    "type": "choice", 
    "question": 33, 
    "attributes": {
      "slug": "software-usage", 
      "short_title": "What software do you frequently use?", 
      "long_title": "<p><span id=\"docs-internal-guid-395c8283-961a-8da1-16df-ae5e4a5f1ce6\"><span id=\"docs-internal-guid-395c8283-961a-8da1-16df-ae5e4a5f1ce6\">What software do you frequently use?<br /></span></span>(select all that apply)</p>", 
      "question_choice_options": [
        {
          "title": "Adobe Acrobat", 
          "allow_text": false
        }, 
        {
          "title": "Adobe After Effects", 
          "allow_text": false
        }, 
        {
          "title": "Adobe Flash", 
          "allow_text": false
        }, 
        {
          "title": "Adobe Illustrator", 
          "allow_text": false
        }, 
        {
          "title": "Adobe InDesign", 
          "allow_text": false
        }, 
        {
          "title": "Adobe Lightroom", 
          "allow_text": false
        }, 
        {
          "title": "Adobe Photoshop", 
          "allow_text": false
        }, 
        {
          "title": "Apple Keynote", 
          "allow_text": false
        }, 
        {
          "title": "Apple Pages", 
          "allow_text": false
        }, 
        {
          "title": "Apple Numbers", 
          "allow_text": false
        }, 
        {
          "title": "Autodesk Maya", 
          "allow_text": false
        }, 
        {
          "title": "Axure", 
          "allow_text": false
        }, 
        {
          "title": "Corel Draw", 
          "allow_text": false
        }, 
        {
          "title": "Glyphs", 
          "allow_text": false
        }, 
        {
          "title": "Google Docs", 
          "allow_text": false
        }, 
        {
          "title": "Google Sheets", 
          "allow_text": false
        }, 
        {
          "title": "Google Slides", 
          "allow_text": false
        }, 
        {
          "title": "Invision", 
          "allow_text": false
        }, 
        {
          "title": "Maxon Cinema 4D", 
          "allow_text": false
        }, 
        {
          "title": "Microsoft Paint", 
          "allow_text": false
        }, 
        {
          "title": "Microsoft Word", 
          "allow_text": false
        }, 
        {
          "title": "Microsoft Powerpoint", 
          "allow_text": false
        }, 
        {
          "title": "RoboFont", 
          "allow_text": false
        }, 
        {
          "title": "Sketch", 
          "allow_text": false
        }, 
        {
          "title": "Quark Xpress", 
          "allow_text": false
        }, 
        {
          "title": "Other", 
          "allow_text": true
        }
      ], 
      "allow_multiple": true, 
      "enable_autocomplete": false
    }
  }, 
  {
    "type": "choice", 
    "question": 34, 
    "attributes": {
      "slug": "workspace-type", 
      "short_title": "What type of workspace do you have?", 
      "long_title": "<p><span id=\"docs-internal-guid-395c8283-961c-2b1a-d410-a4d6d54527a5\"><span id=\"docs-internal-guid-395c8283-961c-2b1a-d410-a4d6d54527a5\">What type of workspace do you have?</span></span></p>", 
      "question_choice_options": [
        {
          "title": "Co-working space", 
          "allow_text": false
        }, 
        {
          "title": "Coffee shop", 
          "allow_text": false
        }, 
        {
          "title": "Home", 
          "allow_text": false
        }, 
        {
          "title": "Incubator", 
          "allow_text": false
        }, 
        {
          "title": "Office", 
          "allow_text": false
        }, 
        {
          "title": "Studio", 
          "allow_text": false
        }, 
        {
          "title": "Other", 
          "allow_text": true
        }
      ], 
      "allow_multiple": false, 
      "enable_autocomplete": false
    }
  }, 
  {
    "type": "choice", 
    "question": 35, 
    "attributes": {
      "slug": "highest-level-education", 
      "short_title": "What is the highest level of education you have completed?", 
      "long_title": "<p><span id=\"docs-internal-guid-395c8283-961d-8a54-26f7-dcc190372f67\"><span>What is the highest level of education you have completed?</span></span></p>", 
      "question_choice_options": [
        {
          "title": "High school or less", 
          "allow_text": false
        }, 
        {
          "title": "Technical degree or certificate", 
          "allow_text": false
        }, 
        {
          "title": "Some college (no degree)", 
          "allow_text": false
        }, 
        {
          "title": "Associate\u2019s degree", 
          "allow_text": false
        }, 
        {
          "title": "Bachelor\u2019s degree", 
          "allow_text": false
        }, 
        {
          "title": "Master\u2019s degree", 
          "allow_text": false
        }, 
        {
          "title": "Doctorate", 
          "allow_text": false
        }
      ], 
      "allow_multiple": false, 
      "enable_autocomplete": false
    }
  }, 
  {
    "type": "choice", 
    "question": 36, 
    "attributes": {
      "slug": "how-received-education", 
      "short_title": "How did you receive your design education?", 
      "long_title": "<p><span id=\"docs-internal-guid-395c8283-961f-79e3-e1f0-9995decb1c76\"><span>How did you receive your design education?</span></span></p>", 
      "question_choice_options": [
        {
          "title": "Attended art school", 
          "allow_text": false
        }, 
        {
          "title": "Attended university", 
          "allow_text": false
        }, 
        {
          "title": "Mentored", 
          "allow_text": false
        }, 
        {
          "title": "Self-taught", 
          "allow_text": false
        }, 
        {
          "title": "Other", 
          "allow_text": true
        }, 
        {
          "title": "None", 
          "allow_text": false
        }
      ], 
      "allow_multiple": false, 
      "enable_autocomplete": false
    }
  }, 
  {
    "type": "choice", 
    "question": 37, 
    "attributes": {
      "slug": "learning-preference", 
      "short_title": "How do you prefer to learn new design skills?", 
      "long_title": "<p><span id=\"docs-internal-guid-395c8283-9620-1004-26f0-6189df151068\"><span>How do you prefer to learn new design skills?</span></span></p>", 
      "question_choice_options": [
        {
          "title": "Community sharing (TED, Twitter, Instagram, etc)", 
          "allow_text": false
        }, 
        {
          "title": "Workshops", 
          "allow_text": false
        }, 
        {
          "title": "Mentors", 
          "allow_text": false
        }, 
        {
          "title": "On the job", 
          "allow_text": false
        }, 
        {
          "title": "Self-taught", 
          "allow_text": false
        }, 
        {
          "title": "Schools", 
          "allow_text": false
        }, 
        {
          "title": "Online classes (Skillshare, Lynda.com, MOOCs, etc)", 
          "allow_text": false
        }, 
        {
          "title": "Other", 
          "allow_text": true
        }
      ], 
      "allow_multiple": false, 
      "enable_autocomplete": false
    }
  }, 
  {
    "type": "composite", 
    "question": 38, 
    "attributes": {
      "slug": "commute-composite", 
      "short_title": "How long is your commute?", 
      "long_title": ""
    }
  }, 
  {
    "type": "range", 
    "question": 38.1, 
    "attributes": {
      "slug": "commute-time", 
      "short_title": "How long is your commute?", 
      "long_title": "<p><span id=\"docs-internal-guid-395c8283-9624-d100-62d3-5bb682058ed0\"><span>How long is your commute?<br />(in minutes)</span></span></p>", 
      "min": 0, 
      "max": 120, 
      "units_title": "Minutes", 
      "enable_plus": true
    }
  }, 
  {
    "type": "feedback", 
    "question": 38.2, 
    "attributes": {
      "slug": "commute-feedback", 
      "short_title": "How do you feel about that?", 
      "long_title": "<p><span id=\"docs-internal-guid-395c8283-9625-a44c-b3bb-7fcef2e9048e\"><span>How do you feel about that?<br /><span>(select one)</span><br /></span></span></p>"
    }
  }, 
  {
    "type": "range", 
    "question": 39, 
    "attributes": {
      "slug": "age", 
      "short_title": "What is your age?", 
      "long_title": "<p><span id=\"docs-internal-guid-395c8283-9621-1be7-3c2f-4ee026a4a9e3\"><span>What is your age?</span></span></p>", 
      "min": 0, 
      "max": 100, 
      "units_title": "YEARS", 
      "enable_plus": true
    }
  }, 
  {
    "type": "choice", 
    "question": 40, 
    "attributes": {
      "slug": "gender", 
      "short_title": "What is your gender? ", 
      "long_title": "<p><span id=\"docs-internal-guid-395c8283-9621-51a5-630b-7a50b34fc5fe\"><span>What is your gender? </span></span></p>", 
      "question_choice_options": [
        {
          "title": "Female", 
          "allow_text": false
        }, 
        {
          "title": "Male", 
          "allow_text": false
        }, 
        {
          "title": "Non-binary/ third gender", 
          "allow_text": false
        }, 
        {
          "title": "Prefer to self-describe", 
          "allow_text": true
        }, 
        {
          "title": "Prefer not to answer", 
          "allow_text": false
        }
      ], 
      "allow_multiple": false, 
      "enable_autocomplete": false
    }
  }, 
  {
    "type": "choice", 
    "question": 41, 
    "attributes": {
      "slug": "ethnicity", 
      "short_title": "What is your ethnicity?", 
      "long_title": "<p><span id=\"docs-internal-guid-395c8283-9622-24d0-874c-1753fd05fa4d\"><span>What is your ethnicity?<br />(select all that apply)</span></span></p>", 
      "question_choice_options": [
        {
          "title": "Asian", 
          "allow_text": false
        }, 
        {
          "title": "Black / African American", 
          "allow_text": false
        }, 
        {
          "title": "Hispanic / Latino / Spanish Origin", 
          "allow_text": false
        }, 
        {
          "title": "Native American / Alaska Native", 
          "allow_text": false
        }, 
        {
          "title": "Native Hawaiian / Other Pacific Islander", 
          "allow_text": false
        }, 
        {
          "title": "White", 
          "allow_text": false
        }, 
        {
          "title": "Other", 
          "allow_text": true
        }, 
        {
          "title": "Prefer not to answer", 
          "allow_text": false
        }
      ], 
      "allow_multiple": true, 
      "enable_autocomplete": false
    }
  }, 
  {
    "type": "range", 
    "question": 42, 
    "attributes": {
      "slug": "languages-spoken", 
      "short_title": "How many languages do you speak? ", 
      "long_title": "<p><span id=\"docs-internal-guid-778d59d6-44a0-d1ed-d9c0-253c127ff433\"><span>How many languages do you speak? </span></span></p>", 
      "min": 0, 
      "max": 10, 
      "units_title": "", 
      "enable_plus": true
    }
  }, 
  {
    "type": "choice", 
    "question": 43, 
    "attributes": {
      "slug": "languages-at-work", 
      "short_title": "Which languages do you use at work?", 
      "long_title": "<p><span id=\"docs-internal-guid-778d59d6-44a1-4024-43b3-5fdf4b0a8c70\"><span id=\"docs-internal-guid-778d59d6-44a1-4024-43b3-5fdf4b0a8c70\">Which languages do you use at work?<br />(select all that apply)</span></span></p>", 
      "question_choice_options": [
        {
          "title": "English", 
          "allow_text": false
        }, 
        {
          "title": "Afrikaans", 
          "allow_text": false
        }, 
        {
          "title": "Arabic", 
          "allow_text": false
        }, 
        {
          "title": "Armenian", 
          "allow_text": false
        }, 
        {
          "title": "Chinese", 
          "allow_text": false
        }, 
        {
          "title": "Dutch", 
          "allow_text": false
        }, 
        {
          "title": "French", 
          "allow_text": false
        }, 
        {
          "title": "French Creole", 
          "allow_text": false
        }, 
        {
          "title": "German", 
          "allow_text": false
        }, 
        {
          "title": "Greek", 
          "allow_text": false
        }, 
        {
          "title": "Gujarati", 
          "allow_text": false
        }, 
        {
          "title": "Hebrew", 
          "allow_text": false
        }, 
        {
          "title": "Hindi", 
          "allow_text": false
        }, 
        {
          "title": "Hmong", 
          "allow_text": false
        }, 
        {
          "title": "Hungarian", 
          "allow_text": false
        }, 
        {
          "title": "Armenian", 
          "allow_text": false
        }, 
        {
          "title": "Persian", 
          "allow_text": false
        }, 
        {
          "title": "Gujarati", 
          "allow_text": false
        }, 
        {
          "title": "Hindi", 
          "allow_text": false
        }, 
        {
          "title": "Hungarian", 
          "allow_text": false
        }, 
        {
          "title": "Italian", 
          "allow_text": false
        }, 
        {
          "title": "Japanese", 
          "allow_text": false
        }, 
        {
          "title": "Korean", 
          "allow_text": false
        }, 
        {
          "title": "Laotian", 
          "allow_text": false
        }, 
        {
          "title": "Mon-Khmer, Cambodian", 
          "allow_text": false
        }, 
        {
          "title": "Navajo", 
          "allow_text": false
        }, 
        {
          "title": "Persian", 
          "allow_text": false
        }, 
        {
          "title": "Polish", 
          "allow_text": false
        }, 
        {
          "title": "Portuguese", 
          "allow_text": false
        }, 
        {
          "title": "Russian", 
          "allow_text": false
        }, 
        {
          "title": "Scandinavian", 
          "allow_text": false
        }, 
        {
          "title": "Serbo-Croatian", 
          "allow_text": false
        }, 
        {
          "title": "Spanish", 
          "allow_text": false
        }, 
        {
          "title": "Tagalog", 
          "allow_text": false
        }, 
        {
          "title": "Thai", 
          "allow_text": false
        }, 
        {
          "title": "Vietnamese", 
          "allow_text": false
        }, 
        {
          "title": "Urdu", 
          "allow_text": false
        }, 
        {
          "title": "Yiddish", 
          "allow_text": false
        }, 
        {
          "title": "Other", 
          "allow_text": true
        }
      ], 
      "allow_multiple": true, 
      "enable_autocomplete": false
    }
  }, 
  {
    "type": "choice", 
    "question": 44, 
    "attributes": {
      "slug": "sexual-orientation", 
      "short_title": "What is your sexual orientation? ", 
      "long_title": "<p><span id=\"docs-internal-guid-395c8283-9622-c583-322f-9fc18619a64d\"><span>What is your sexual orientation? </span></span></p>", 
      "question_choice_options": [
        {
          "title": "Bisexual", 
          "allow_text": false
        }, 
        {
          "title": "Heterosexual", 
          "allow_text": false
        }, 
        {
          "title": "Homosexual", 
          "allow_text": false
        }, 
        {
          "title": "Other", 
          "allow_text": true
        }, 
        {
          "title": "Prefer not to answer", 
          "allow_text": false
        }
      ], 
      "allow_multiple": false, 
      "enable_autocomplete": false
    }
  }, 
  {
    "type": "yes_no", 
    "question": 45, 
    "attributes": {
      "slug": "have-children", 
      "short_title": "Do you have any children?", 
      "long_title": "<p><span id=\"docs-internal-guid-395c8283-9623-6d94-3414-b90aeb2a8dc2\"><span>Do you have any children?</span></span></p>"
    }
  }, 
  {
    "type": "choice", 
    "question": 46, 
    "attributes": {
      "slug": "have-pets", 
      "short_title": "Do you have any pets?", 
      "long_title": "<p><span id=\"docs-internal-guid-395c8283-9623-cdcd-668d-6fed35ab5758\"><span id=\"docs-internal-guid-395c8283-9623-cdcd-668d-6fed35ab5758\">Do you have any pets?<br />(select all that apply)</span></span></p>", 
      "question_choice_options": [
        {
          "title": "Bird", 
          "allow_text": false
        }, 
        {
          "title": "Cat", 
          "allow_text": false
        }, 
        {
          "title": "Dog", 
          "allow_text": false
        }, 
        {
          "title": "Fish", 
          "allow_text": false
        }, 
        {
          "title": "Plant", 
          "allow_text": false
        }, 
        {
          "title": "Other", 
          "allow_text": true
        }, 
        {
          "title": "None", 
          "allow_text": false
        }
      ], 
      "allow_multiple": true, 
      "enable_autocomplete": false
    }
  }, 
  {
    "type": "choice", 
    "question": 47, 
    "attributes": {
      "slug": "num-coffee-daily", 
      "short_title": "How many cups of coffee do you drink daily?", 
      "long_title": "<p><span id=\"docs-internal-guid-395c8283-9625-e6dc-d468-4dd441a4e545\"><span>How many cups of coffee do you drink daily?</span></span></p>", 
      "question_choice_options": [
        {
          "title": "0", 
          "allow_text": false
        }, 
        {
          "title": "1 \u2013 2", 
          "allow_text": false
        }, 
        {
          "title": "3 \u2013 5", 
          "allow_text": false
        }, 
        {
          "title": "5 \u2013 10", 
          "allow_text": false
        }, 
        {
          "title": "10 \u2013 20", 
          "allow_text": false
        }, 
        {
          "title": "Tea", 
          "allow_text": false
        }
      ], 
      "allow_multiple": false, 
      "enable_autocomplete": false
    }
  }, 
  {
    "type": "choice", 
    "question": 48, 
    "attributes": {
      "slug": "design-communities", 
      "short_title": "What design communities do you participate in?", 
      "long_title": "<p><span id=\"docs-internal-guid-395c8283-9626-c6a2-4363-089000aa5fc6\"><span id=\"docs-internal-guid-395c8283-9626-c6a2-4363-089000aa5fc6\">What design communities do you participate in?<br /></span></span>(select all that apply)</p>", 
      "question_choice_options": [
        {
          "title": "AIGA", 
          "allow_text": false
        }, 
        {
          "title": "AGI", 
          "allow_text": false
        }, 
        {
          "title": "Art Director's Club", 
          "allow_text": false
        }, 
        {
          "title": "Graphic Artists Guild", 
          "allow_text": false
        }, 
        {
          "title": "IDSA", 
          "allow_text": false
        }, 
        {
          "title": "International Council of Design", 
          "allow_text": false
        }, 
        {
          "title": "IxDA", 
          "allow_text": false
        }, 
        {
          "title": "SEGD", 
          "allow_text": false
        }, 
        {
          "title": "Society of Publication Designers", 
          "allow_text": false
        }, 
        {
          "title": "Type Director\u2019s Club", 
          "allow_text": false
        }, 
        {
          "title": "Behance", 
          "allow_text": false
        }, 
        {
          "title": "Coroflot", 
          "allow_text": false
        }, 
        {
          "title": "Dribbble", 
          "allow_text": false
        }, 
        {
          "title": "Other", 
          "allow_text": true
        }, 
        {
          "title": "None", 
          "allow_text": false
        }
      ], 
      "allow_multiple": true, 
      "enable_autocomplete": false
    }
  }, 
  {
    "type": "choice", 
    "question": 49, 
    "attributes": {
      "slug": "design-conferences", 
      "short_title": "Which design conferences do you attend?", 
      "long_title": "<p><span><span>Which design conferences do you attend?<br />(select all that apply)</span></span></p>", 
      "question_choice_options": [
        {
          "title": "99U", 
          "allow_text": false
        }, 
        {
          "title": "Adobe Max", 
          "allow_text": false
        }, 
        {
          "title": "AGI Open", 
          "allow_text": false
        }, 
        {
          "title": "AIGA Design Conference", 
          "allow_text": false
        }, 
        {
          "title": "AIGA Design Educators Conferences", 
          "allow_text": false
        }, 
        {
          "title": "An Event Apart", 
          "allow_text": false
        }, 
        {
          "title": "Awwwards Conferences", 
          "allow_text": false
        }, 
        {
          "title": "Bloomberg Design Conference", 
          "allow_text": false
        }, 
        {
          "title": "Brand New", 
          "allow_text": false
        }, 
        {
          "title": "Comicon", 
          "allow_text": false
        }, 
        {
          "title": "Core 77 Design Conference", 
          "allow_text": false
        }, 
        {
          "title": "EYEO", 
          "allow_text": false
        }, 
        {
          "title": "Fastco Design by Innovation", 
          "allow_text": false
        }, 
        {
          "title": "How Design Live", 
          "allow_text": false
        }, 
        {
          "title": "icoD", 
          "allow_text": false
        }, 
        {
          "title": "Indaba", 
          "allow_text": false
        }, 
        {
          "title": "Interaction 16", 
          "allow_text": false
        }, 
        {
          "title": "Interaction South America", 
          "allow_text": false
        }, 
        {
          "title": "It's Nice That", 
          "allow_text": false
        }, 
        {
          "title": "OFFF", 
          "allow_text": false
        }, 
        {
          "title": "Offset", 
          "allow_text": false
        }, 
        {
          "title": "O\u2019Reilly Design Conference", 
          "allow_text": false
        }, 
        {
          "title": "PopTech", 
          "allow_text": false
        }, 
        {
          "title": "SEGD", 
          "allow_text": false
        }, 
        {
          "title": "SPAN", 
          "allow_text": false
        }, 
        {
          "title": "SXSW", 
          "allow_text": false
        }, 
        {
          "title": "TED", 
          "allow_text": false
        }, 
        {
          "title": "Typecon", 
          "allow_text": false
        }, 
        {
          "title": "Typographics", 
          "allow_text": false
        }, 
        {
          "title": "UX Week", 
          "allow_text": false
        }, 
        {
          "title": "Web Summit", 
          "allow_text": false
        }, 
        {
          "title": "Webstock", 
          "allow_text": false
        }, 
        {
          "title": "Other", 
          "allow_text": true
        }, 
        {
          "title": "None", 
          "allow_text": false
        }
      ], 
      "allow_multiple": true, 
      "enable_autocomplete": false
    }
  }, 
  {
    "type": "choice", 
    "question": 50, 
    "attributes": {
      "slug": "social-media", 
      "short_title": "What social media do you participate in?", 
      "long_title": "<p><span><span>What social media do you participate in?<br /></span></span>(select all that apply)</p>", 
      "question_choice_options": [
        {
          "title": "Facebook", 
          "allow_text": false
        }, 
        {
          "title": "G+", 
          "allow_text": false
        }, 
        {
          "title": "Instagram", 
          "allow_text": false
        }, 
        {
          "title": "Snapchat", 
          "allow_text": false
        }, 
        {
          "title": "Twitter", 
          "allow_text": false
        }, 
        {
          "title": "YouTube", 
          "allow_text": false
        }, 
        {
          "title": "Vimeo", 
          "allow_text": false
        }, 
        {
          "title": "Other", 
          "allow_text": true
        }, 
        {
          "title": "None", 
          "allow_text": false
        }
      ], 
      "allow_multiple": true, 
      "enable_autocomplete": false
    }
  }, 
  {
    "type": "link_upload", 
    "question": 51, 
    "attributes": {
      "slug": "best-thing-you-year", 
      "short_title": "What is the best thing you made this year?", 
      "long_title": "<p><span id=\"docs-internal-guid-395c8283-962a-2bd6-9069-0622acdc98cb\"><span>What is the best thing you made this year?</span></span></p>"
    }
  }, 
  {
    "type": "link_upload", 
    "question": 52, 
    "attributes": {
      "slug": "best-thing-else-year", 
      "short_title": "What is the best thing someone else made this year?", 
      "long_title": "<p><span id=\"docs-internal-guid-395c8283-962a-57be-d78c-1a1ad3f1aec1\"><span>What is the best thing someone else made this year?</span></span></p>"
    }
  }, 
  {
    "type": "text", 
    "question": 53, 
    "attributes": {
      "slug": "design-joke", 
      "short_title": "Tell us a design joke", 
      "long_title": "<p>Tell us a design joke</p>", 
      "enable_large": true, 
      "is_numeric": false, 
      "allow_multiple": false, 
      "num_multiple": 0, 
      "units_title": null, 
      "disable_opt_out": false
    }
  }, 
  {
    "type": "text", 
    "question": 54, 
    "attributes": {
      "slug": "future-three-words", 
      "short_title": "Summarize the future of design in three words:", 
      "long_title": "<p><span id=\"docs-internal-guid-f73353b5-68f3-2079-c954-dece4489ec16\"><span>Summarize the future of design in three words:</span></span></p>", 
      "enable_large": false, 
      "is_numeric": false, 
      "allow_multiple": true, 
      "num_multiple": 3, 
      "units_title": null, 
      "disable_opt_out": false
    }
  }
]